name,score,genre1,genre2,genre3,duration,release,rating,country,language,sound,color,ratio,budget,gross,badReviews,neutralReviews,goodReviews
Cadena perpetua,9.3,Drama,#N/A,#N/A,142,24 February 1995,13,USA,English,Dolby Digital,Color,1.85 : 1,"$25,000,000","$28,817,291",240,473,7764
El padrino,9.2,Crime,Drama,#N/A,175,20 October 1972,18,USA,English,DTS|Mono,Color,1.85 : 1,"$6,000,000","$246,120,986",228,257,3603
El padrino: Parte II,9.0,Crime,Drama,#N/A,202,13 October 1975,18,USA,English,Mono,Color,1.85 : 1,"$13,000,000","$48,035,783",38,85,910
El caballero oscuro,9.0,Action,Crime,Drama,152,13 August 2008,12,USA,English,Dolby Digital|SDDS|DTS|IMAX 6-Track,Color,2.39 : 1,"$185,000,000","$1,005,973,645",548,715,5908
12 hombres sin piedad,9.0,Crime,Drama,#N/A,96,10 April 1957,A,USA,English,Mono,Black and White,1.66 : 1,"$350,000",$955,31,100,1537
La lista de Schindler,8.9,Biography,Drama,History,195,4 March 1994,12,USA,English,DTS|DTS-Stereo|Dolby Atmos,Black and White,1.33 : 1,"$22,000,000","$322,161,245",83,105,1570
El señor de los anillos: El retorno del rey,8.9,Action,Adventure,Drama,201,17 December 2003,12,New Zealand,English,DTS-ES|Dolby Digital EX|SDDS|Dolby Atmos,Color,2.39 : 1,"$94,000,000","$1,142,563,940",237,275,2918
Pulp Fiction,8.9,Crime,Drama,#N/A,154,13 January 1995,18,USA,English,Dolby Digital,Color,2.39 : 1,"$8,000,000","$213,928,762",268,217,2442
"El bueno, el feo y el malo",8.8,Western,#N/A,#N/A,161,7 August 1968,13,Italy,Italian,Mono|Dolby Digital,Color,2.35 : 1,"$1,200,000","$25,253,751",37,72,975
El señor de los anillos: La comunidad del anillo,8.8,Action,Adventure,Drama,178,19 December 2001,12,New Zealand,English,DTS|Dolby Digital EX|SDDS|Dolby Atmos,Color,2.39 : 1,"$93,000,000","$888,398,501",529,451,3802
El club de la lucha,8.8,Drama,#N/A,#N/A,139,5 November 1999,18,Germany,English,Dolby Digital|DTS|SDDS,Color,2.39 : 1,"$63,000,000","$101,209,593",272,279,2854
Forrest Gump,8.8,Drama,Romance,#N/A,142,23 September 1994,A,USA,English,DTS|Dolby SR|SDDS|Dolby Atmos|Dolby Digital,Color,2.39 : 1,"$55,000,000","$678,226,133",176,158,2076
Origen,8.8,Action,Adventure,Sci-Fi,148,6 August 2010,12,USA,English,Dolby Digital|DTS|SDDS,Color,2.39 : 1,"$160,000,000","$836,836,967",530,538,3035
El señor de los anillos: Las dos torres,8.7,Action,Adventure,Drama,179,18 December 2002,12,New Zealand,English,DTS-ES|Dolby Digital EX|SDDS|Dolby Atmos,Color,2.39 : 1,"$94,000,000","$943,495,095",183,231,1708
El Imperio contraataca,8.7,Action,Adventure,Fantasy,124,3 October 1980,A,USA,English,70 mm 6-Track|Dolby Stereo|Dolby Digital EX|DTS-ES|Dolby Atmos,Color,2.20 : 1,"$18,000,000","$538,375,067",26,92,1058
Matrix,8.7,Action,Sci-Fi,#N/A,136,23 June 1999,18,USA,English,DTS|Dolby Digital|SDDS|Dolby Atmos,Color,2.39 : 1,"$63,000,000","$466,364,845",322,415,2941
Uno de los nuestros,8.7,Biography,Crime,Drama,146,19 October 1990,18,USA,English,Dolby SR,Color,1.85 : 1,"$25,000,000","$46,952,991",62,111,1085
Alguien voló sobre el nido del cuco,8.7,Drama,#N/A,#N/A,133,7 October 1976,18,USA,English,Mono,Color,1.85 : 1,"$3,000,000","$108,997,629",53,94,796
Los siete samuráis,8.6,Action,Adventure,Drama,207,26 April 1954,A,Japan,Japanese,Mono|Stereo,Black and White,1.33 : 1,"JPY125,000,000","$322,773",30,61,591
Seven,8.6,Crime,Drama,Mystery,127,10 January 1996,18,USA,English,DTS|Dolby Digital,Color,2.39 : 1,"$33,000,000","$327,333,559",114,170,1127
La vida es bella,8.6,Comedy,Drama,Romance,116,26 February 1999,A,Italy,Italian,Dolby Digital,Color,1.85 : 1,"$20,000,000","$230,098,753",122,84,958
Ciudad de Dios,8.6,Crime,Drama,#N/A,130,31 January 2003,18,Brazil,Portuguese,Dolby Digital|SDDS,Color,1.85 : 1,"BRL3,300,000","$30,680,793",33,87,830
El silencio de los corderos,8.6,Crime,Drama,Thriller,118,6 September 1991,18,USA,English,Dolby Stereo,Color,1.85 : 1,"$19,000,000","$272,742,922",65,126,1093
¡Qué bello es vivir!,8.6,Drama,Family,Fantasy,130,7 January 1947,A,USA,English,Mono,Black and White,1.37 : 1,"$3,180,000","$6,184,298",49,62,802
La guerra de las galaxias,8.6,Action,Adventure,Fantasy,121,7 November 1977,A,USA,English,70 mm 6-Track|Dolby Stereo|DTS-Stereo|Dolby Digital|Dolby Atmos|SDDS|Mono,Color,2.20 : 1,"$11,000,000","$775,398,007",120,186,1405
Salvar al soldado Ryan,8.6,Drama,War,#N/A,169,18 September 1998,13,USA,English,DTS|Dolby Digital|SDDS|Dolby Atmos,Color,1.85 : 1,"$70,000,000","$482,349,603",260,292,1618
La milla verde,8.6,Crime,Drama,Fantasy,189,18 February 2000,13,USA,English,DTS|Dolby Digital|SDDS,Color,1.85 : 1,"$60,000,000","$286,801,374",120,180,1315
El viaje de Chihiro,8.6,Animation,Adventure,Family,125,25 October 2002,A,Japan,Japanese,DTS-ES|Dolby Digital EX|Dolby Digital,Color,1.85 : 1,"$19,000,000","$355,475,917",87,92,1096
Interstellar,8.6,Adventure,Drama,Sci-Fi,169,7 November 2014,12,USA,English,Datasat|Dolby Digital|IMAX 6-Track|Dolby Surround 7.1|Sonics-DDP,Color,2.39 : 1,"$165,000,000","$701,729,127",694,650,3045
Parásitos,8.6,Comedy,Drama,Thriller,132,25 October 2019,16,South Korea,Korean,Dolby Atmos,Color,2.39 : 1,"$11,400,000","$258,821,977",416,582,2079
El profesional ,8.5,Action,Crime,Drama,110,6 April 1995,18,France,English,Dolby Digital|SDDS|Dolby|SDDS|DTS|Dolby Atmos,Color,2.39 : 1,"FRF115,000,000","$19,552,639",51,98,990
Harakiri,8.6,Action,Drama,Mystery,133,16 September 1962,13,Japan,Japanese,Mono,Black and White,2.35 : 1,#N/A,"$15,222",1,21,211
Sospechosos habituales,8.5,Crime,Mystery,Thriller,106,8 September 1995,18,USA,English,Dolby SR,Color,2.39 : 1,"$6,000,000","$23,341,568",105,150,968
El rey león,8.5,Animation,Adventure,Drama,88,8 November 1994,A,USA,English,Dolby SR|Dolby Digital|DTS|SDDS|Dolby Atmos,Color,1.85 : 1,"$45,000,000","$1,083,720,877",44,69,866
El pianista,8.5,Biography,Drama,Music,150,13 December 2002,13,UK,English,DTS|Dolby Digital,Color,1.85 : 1,"$35,000,000","$120,072,577",43,97,661
Terminator 2: El juicio final,8.5,Action,Sci-Fi,#N/A,137,5 December 1991,18,USA,English,70 mm 6-Track|CDS|Dolby SR|Dolby Stereo,Color,2.39 : 1,"$102,000,000","$520,881,154",28,97,1085
Regreso al futuro,8.5,Adventure,Comedy,Sci-Fi,116,2 December 1985,A,USA,English,70 mm 6-Track|Dolby Stereo|Dolby Digital|Dolby Atmos,Color,1.37 : 1,"$19,000,000","$381,906,762",13,70,1067
American History X,8.5,Drama,#N/A,#N/A,119,19 March 1999,13,USA,English,SDDS|Dolby Digital|DTS,Color,1.85 : 1,"$20,000,000","$23,875,127",61,166,1083
Tiempos modernos,8.5,Comedy,Drama,Family,87,25 February 1936,A,USA,English,Mono|Silent,Black and White,1.37 : 1,"$1,500,000","$457,688",10,25,251
Gladiator ,8.5,Action,Adventure,Drama,155,17 May 2000,12,USA,English,SDDS|DTS|Dolby Digital|Dolby Atmos|DTS,Color,2.39 : 1,"$103,000,000","$465,364,545",242,364,1588
Psicosis,8.5,Horror,Mystery,Thriller,109,8 September 1960,13,USA,English,Mono|Dolby Digital|DTS,Black and White,1.85 : 1,"$806,947","$32,040,242",20,112,1067
Infiltrados,8.5,Crime,Drama,Thriller,151,27 October 2006,18,USA,English,Dolby Digital|SDDS|DTS,Color,2.39 : 1,"$90,000,000","$291,465,373",389,501,1433
Luces de la ciudad,8.5,Comedy,Drama,Romance,87,7 March 1931,A,USA,None,Silent|Mono,Black and White,1.20 : 1,"$1,500,000","$46,008",6,22,241
Whiplash,8.5,Drama,Music,#N/A,106,16 January 2015,12,USA,English,Dolby Digital|SDDS|Datasat|Dolby Atmos,Color,2.39 : 1,"$3,300,000","$49,396,747",138,135,1048
Intocable,8.5,Biography,Comedy,Drama,112,9 March 2012,7,France,French,Dolby Digital,Color,1.85 : 1,"EUR9,500,000","$426,588,510",23,65,579
La tumba de las luciérnagas,8.5,Animation,Drama,War,89,14 September 1990,13,Japan,Japanese,Dolby Stereo,Color,1.85 : 1,"$3,700,000","$516,962",33,44,654
El truco final ,8.5,Drama,Mystery,Sci-Fi,130,12 January 2007,18,UK,English,SDDS|Dolby Digital|DTS,Color,2.39 : 1,"$40,000,000","$109,676,311",137,232,1120
Hasta que llegó su hora,8.5,Western,#N/A,#N/A,165,21 December 1968,13,Italy,English,Mono|Dolby Digital,Color,2.35 : 1,"$5,000,000","$5,434,825",56,65,558
Casablanca,8.5,Drama,Romance,War,102,23 January 1943,A,USA,English,Mono,Black and White,1.37 : 1,"$950,000","$4,376,287",54,146,986
Cinema Paradiso,8.5,Drama,Romance,#N/A,155,18 December 1989,A,Italy,Italian,Dolby Digital|Mono,Color,1.66 : 1,"$5,000,000","$13,019,063",21,38,421
La ventana indiscreta,8.4,Mystery,Thriller,#N/A,112,1 September 1954,A,USA,English,Mono,Color,1.37 : 1,"$1,000,000","$37,034,514",35,112,655
"Alien, el octavo pasajero",8.4,Horror,Sci-Fi,#N/A,117,25 September 1979,16,UK,English,70 mm 6-Track|Dolby Stereo|DTS,Color,2.39 : 1,"$11,000,000","$106,285,522",55,143,1167
Apocalypse Now,8.4,Drama,Mystery,War,147,7 November 1979,18,USA,English,70 mm 6-Track|Dolby Digital|Dolby Stereo|DTS|Dolby Atmos,Color,2.39 : 1,"$31,500,000","$92,144,505",100,138,868
Memento,8.4,Mystery,Thriller,#N/A,113,19 January 2001,13,USA,English,Dolby Digital,Color,2.39 : 1,"$9,000,000","$40,047,078",185,241,1586
El gran dictador,8.4,Comedy,Drama,War,125,7 March 1941,A,USA,English,Mono,Black and White,1.37 : 1,"$2,000,000","$969,879",15,32,205
En busca del arca perdida,8.4,Action,Adventure,#N/A,115,5 October 1981,A,USA,English,70 mm 6-Track|Dolby Stereo|Dolby Digital|IMAX 6-Track|Dolby Atmos|Datasat|SDDS|Dolby Atmos,Color,2.39 : 1,"$18,000,000","$389,925,971",37,97,726
Django desencadenado,8.4,Drama,Western,#N/A,165,18 January 2013,16,USA,English,SDDS|Datasat|Dolby Digital,Color,2.39 : 1,"$100,000,000","$426,074,373",225,275,1113
La vida de los otros,8.4,Drama,Mystery,Thriller,137,16 February 2007,7,Germany,German,Dolby Digital,Color,2.35 : 1,"$2,000,000","$77,356,942",16,49,441
Senderos de gloria,8.4,Drama,War,#N/A,88,25 December 1957,A,USA,English,Mono,Black and White,1.33 : 1,"$935,000","$5,252",18,45,335
Hamilton,8.5,Biography,Drama,History,160,3 July 2020,12,USA,English,Dolby Atmos,Color,1.85 : 1,#N/A,#N/A,128,57,403
WALL·E,8.4,Animation,Adventure,Family,98,6 August 2008,A,USA,English,DTS|SDDS|Dolby Digital|Dolby Atmos,Color,2.39 : 1,"$180,000,000","$521,311,890",120,178,1019
Joker,8.4,Crime,Drama,Thriller,122,4 October 2019,18,USA,English,SDDS|Dolby Atmos|Datasat|Dolby Digital,Color,1.85 : 1,"$55,000,000","$1,074,251,311",1195,1267,8343
El resplandor,8.4,Drama,Horror,#N/A,144,13 June 1980,16,UK,English,Dolby Digital|Mono,Color,1.33 : 1,"$19,000,000","$46,998,772",229,244,1231
Vengadores: Infinity War,8.4,Action,Adventure,Sci-Fi,149,27 April 2018,12,USA,English,IMAX 6-Track|Dolby Surround 7.1|12-Track Digital Sound|Dolby Digital|Dolby Atmos|Sonics-DDP|DTS|Auro 11.1,Color,2.39 : 1,"$321,000,000","$2,048,359,754",519,593,3195
El crepúsculo de los dioses,8.4,Drama,Film-Noir,#N/A,110,29 September 1950,Apta para mayores,USA,English,Mono,Black and White,1.37 : 1,"$1,752,000","$300,073",12,82,496
Testigo de cargo,8.4,Crime,Drama,Mystery,116,13 November 1958,A,USA,English,Mono,Black and White,1.66 : 1,"$3,000,000","$7,693",4,34,224
Old Boy,8.4,Action,Drama,Mystery,120,28 January 2005,18,South Korea,Korean,Dolby Digital|Dolby Surround 7.1,Color,2.35 : 1,"$3,000,000","$15,002,116",118,127,786
Spider-Man: un nuevo universo,8.4,Animation,Action,Adventure,117,21 December 2018,7,USA,English,Dolby Atmos|Dolby Surround 7.1|DTS|12-Track Digital Sound|Dolby Digital|SDDS,Color,2.39 : 1,"$90,000,000","$375,540,831",120,190,1634
La princesa Mononoke,8.4,Animation,Action,Adventure,134,7 April 2000,7,Japan,Japanese,Dolby Digital,Color,1.85 : 1,"JPY2,400,000,000","$169,785,704",31,69,553
¿Teléfono rojo? Volamos hacia Moscú,8.4,Comedy,#N/A,#N/A,95,29 January 1964,18,UK,English,Mono|Dolby Digital,Black and White,1.37 : 1,"$1,800,000","$9,443,876",70,96,704
El caballero oscuro: La leyenda renace,8.4,Action,Adventure,#N/A,164,20 July 2012,12,UK,English,SDDS|Datasat|Dolby Digital|IMAX 6-Track,Color,2.39 : 1,"$250,000,000","$1,081,142,612",450,600,2141
Érase una vez en América,8.4,Crime,Drama,#N/A,229,24 January 1985,18,Italy,English,Mono,Color,1.85 : 1,"$30,000,000","$5,472,914",106,96,431
Your Name.,8.4,Animation,Drama,Fantasy,106,7 April 2017,A,Japan,Japanese,Dolby Digital|IMAX 6-Track|Sonics-DDP,Color,1.78 : 1,"JPY370,000,000","$358,922,706",29,88,664
Aliens: El regreso,8.3,Action,Adventure,Sci-Fi,137,29 October 1986,13,UK,English,70 mm 6-Track|Dolby Stereo,Color,1.85 : 1,"$18,500,000","$131,060,248",43,130,1029
Coco,8.4,Animation,Adventure,Family,105,1 December 2017,A,USA,English,Dolby Atmos|DTS|Auro 11.1|Dolby Surround 7.1|12-Track Digital Sound|Dolby Digital|SDDS,Color,2.35 : 1,"$175,000,000","$807,817,888",37,114,1038
Vengadores: Endgame,8.4,Action,Adventure,Drama,181,25 April 2019,7,USA,English,Dolby Atmos|Auro 11.1|Dolby Surround 7.1|DTS|Dolby Digital|Sonics-DDP|12-Track Digital Sound|IMAX 6-Track|SDDS,Color,2.39 : 1,"$356,000,000","$2,797,501,328",1245,1549,6281
Cafarnaúm,8.4,Drama,#N/A,#N/A,126,22 February 2019,16,Lebanon,Arabic,Dolby Digital,Color,2.35 : 1,"$4,000,000","$64,417,003",10,24,366
American Beauty,8.3,Drama,#N/A,#N/A,122,28 January 2000,18,USA,English,DTS|Dolby Digital|SDDS|Dolby,Color,2.39 : 1,"$15,000,000","$356,296,601",369,294,1734
Braveheart,8.3,Biography,Drama,History,178,29 September 1995,18,USA,English,DTS|Dolby Digital|SDDS,Color,2.39 : 1,"$72,000,000","$213,216,216",148,125,883
El infierno del odio,8.4,Crime,Drama,Mystery,143,1 March 1963,13,Japan,Japanese,4-Track Stereo,Black and White,2.35 : 1,#N/A,"$46,808",0,11,114
Toy Story,8.3,Animation,Adventure,Comedy,81,14 March 1996,A,USA,English,Dolby SR|Dolby Atmos,Color,1.66 : 1,"$30,000,000","$394,436,586",13,53,529
El submarino - Das Boot,8.3,Adventure,Drama,Thriller,149,15 June 1982,13,West Germany,German,Dolby Digital|Dolby Stereo|SDDS,Color,1.66 : 1,"DEM32,000,000","$11,487,676",13,37,421
3 Idiots,8.4,Comedy,Drama,#N/A,170,25 December 2009,PG-13,India,Hindi,Dolby Digital|DTS,Color,2.35 : 1,"INR550,000,000","$60,262,836",54,86,569
Amadeus,8.3,Biography,Drama,History,160,19 September 1984,A,USA,English,70 mm 6-Track|Dolby Digital|Dolby Stereo,Color,2.39 : 1,"$18,000,000","$52,066,791",26,56,508
Malditos bastardos,8.3,Adventure,Drama,War,153,18 September 2009,18,USA,English,SDDS|Dolby Digital|DTS,Color,2.39 : 1,"$70,000,000","$321,457,747",482,339,1083
El indomable Will Hunting,8.3,Drama,Romance,#N/A,126,27 February 1998,A,USA,English,Dolby Digital,Color,1.85 : 1,"$10,000,000","$225,933,435",73,112,599
El retorno del jedi,8.3,Action,Adventure,Fantasy,131,21 November 1983,A,USA,English,70 mm 6-Track|Dolby Stereo|DTS|Dolby Digital|SDDS|Dolby Digital EX|DTS-ES|Dolby Atmos,Color,2.20 : 1,"$32,500,000","$475,106,177",58,153,574
Taare Zameen Par,8.4,Drama,Family,#N/A,165,21 December 2007,PG,India,Hindi,DTS|Dolby Digital,Color,2.35 : 1,#N/A,"$21,897,373",9,36,366
Reservoir Dogs,8.3,Crime,Drama,Thriller,99,2 September 1992,18,USA,English,Dolby Stereo,Color,2.35 : 1,"$1,200,000","$2,892,430",109,157,775
2001: Una odisea del espacio,8.3,Adventure,Sci-Fi,#N/A,149,17 October 1968,A,UK,English,4-Track Stereo|70 mm 6-Track|DTS,Color,2.20 : 1,"$12,000,000","$65,783,882",405,216,1337
Réquiem por un sueño,8.3,Drama,#N/A,#N/A,102,23 March 2001,18,USA,English,Dolby Surround 7.1|Dolby Digital|Dolby Atmos,Color,1.37 : 1,"$4,500,000","$7,390,108",235,192,1427
La caza,8.3,Drama,#N/A,#N/A,115,19 April 2013,12,Denmark,Danish,Dolby Digital,Color,2.35 : 1,"$3,800,000","$15,843,274",37,64,356
Vértigo ,8.3,Mystery,Romance,Thriller,128,22 May 1958,A,USA,English,Mono|DTS|DTS,Color,1.50 : 1,"$2,479,000","$7,797,300",72,134,616
"M, el vampiro de Düsseldorf",8.3,Crime,Mystery,Thriller,117,24 November 1931,13,Germany,German,Mono,Black and White,1.20 : 1,#N/A,"$35,566",16,44,293
¡Olvídate de mí!,8.3,Drama,Romance,Sci-Fi,108,24 September 2004,13,USA,English,DTS|Dolby|SDDS,Color,1.85 : 1,"$20,000,000","$74,036,715",190,193,1283
Ciudadano Kane,8.3,Drama,Mystery,#N/A,119,11 February 1946,A,USA,English,Mono,Black and White,1.37 : 1,"$839,727","$1,600,719",174,208,933
Dangal,8.4,Action,Biography,Drama,161,21 December 2016,A,India,Hindi,Dolby Atmos,Color,2.35 : 1,"INR700,000,000","$303,723,636",22,48,342
Ven y mira ,8.3,Drama,Thriller,War,142,13 May 1986,18,Soviet Union,Russian,Mono,Color,1.37 : 1,#N/A,"$20,929,068",35,39,433
Cantando bajo la lluvia,8.3,Comedy,Musical,Romance,103,11 April 1952,A,USA,English,Mono,Color,1.37 : 1,"$2,540,800","$1,865,056",19,80,537
El chico,8.3,Comedy,Drama,Family,68,6 February 1921,A,USA,None,Mono|Silent,Black and White,1.33 : 1,"$250,000","$26,916",7,33,154
Ladrón de bicicletas,8.3,Drama,#N/A,#N/A,89,24 November 1948,A,Italy,Italian,Mono,Black and White,1.37 : 1,"$133,000","$428,978",13,44,235
La chaqueta metálica,8.3,Drama,War,#N/A,116,10 July 1987,18,UK,English,Mono|Dolby Digital,Color,1.33 : 1,"$30,000,000","$46,357,676",35,140,553
Ikiru ,8.3,Drama,#N/A,#N/A,143,9 October 1952,12,Japan,Japanese,Mono,Black and White,1.37 : 1,#N/A,"$96,302",9,30,183
Snatch: Cerdos y diamantes,8.3,Comedy,Crime,#N/A,104,3 November 2000,18,UK,English,Dolby Digital|SDDS|Dolby Atmos,Color,1.85 : 1,"GBP6,000,000","$83,557,872",52,117,573
Con la muerte en los talones,8.3,Adventure,Mystery,Thriller,136,18 December 1959,13,USA,English,Mono|Dolby SR|Dolby Digital,Color,1.85 : 1,"$3,101,000","$73,695",29,76,460
El precio del poder,8.3,Crime,Drama,#N/A,170,12 March 1984,18,USA,English,4-Track Stereo|DTS,Color,2.39 : 1,"$25,000,000","$65,884,703",88,149,742
La naranja mecánica,8.3,Crime,Drama,Sci-Fi,136,16 June 1975,(Banned),UK,English,Dolby Digital|Mono,Color,1.66 : 1,"$2,200,000","$26,904,636",167,141,1080
1917,8.3,Drama,Thriller,War,119,10 January 2020,12,USA,English,Dolby Atmos|Dolby Digital,Color,2.39 : 1,"$95,000,000","$384,965,466",433,711,1978
Taxi Driver,8.2,Crime,Drama,#N/A,114,10 March 1977,18,USA,English,Dolby SR|Stereo,Color,1.85 : 1,"$1,300,000","$28,441,292",98,154,846
Incendios,8.3,Drama,Mystery,War,131,11 March 2011,12,Canada,French,Dolby Digital,Color,1.85 : 1,"$6,800,000","$7,099,598",30,45,184
"Nader y Simin, una separación",8.3,Drama,#N/A,#N/A,123,7 October 2011,7,Iran,Persian,Dolby Digital,Color,1.85 : 1,"$500,000","$22,926,076",26,28,322
Toy Story 3,8.2,Animation,Adventure,Comedy,103,23 July 2010,A,USA,English,DTS|SDDS|Sonics-DDP|Dolby Digital|Dolby Surround 7.1|Dolby Atmos,Color,1.78 : 1,"$200,000,000","$1,066,970,811",35,90,773
El golpe,8.3,Comedy,Crime,Drama,129,25 December 1973,A,USA,English,Mono|Dolby Digital,Color,1.85 : 1,"$5,500,000","$156,000,000",17,49,229
Lawrence de Arabia,8.3,Adventure,Biography,Drama,187,1 October 1963,A,UK,English,70 mm 6-Track|Mono|4-Track Stereo|Dolby Atmos,Color,2.20 : 1,"$15,000,000","$45,715,757",49,51,526
Amelie,8.3,Comedy,Romance,#N/A,122,19 October 2001,A,France,French,DTS|Dolby Digital,Color,2.39 : 1,"$10,000,000","$173,924,742",109,145,1089
Metrópolis,8.3,Drama,Sci-Fi,#N/A,153,6 February 1927,A,Germany,None,Dolby Digital|Silent,Black and White,1.33 : 1,"DEM6,000,000","$1,349,711",19,71,345
El apartamento,8.3,Comedy,Drama,Romance,125,29 June 1960,13,USA,English,Mono,Black and White,2.39 : 1,"$3,000,000","$18,778,454",7,46,265
La muerte tenía un precio,8.2,Western,#N/A,#N/A,132,20 December 1965,18,Italy,Italian,Mono,Color,2.35 : 1,"$600,000","$15,000,000",10,45,224
Perdición,8.3,Crime,Drama,Film-Noir,107,6 July 1944,A,USA,English,Mono,Black and White,1.37 : 1,"$927,262","$13,886",3,57,325
Matar un ruiseñor,8.2,Crime,Drama,#N/A,129,16 April 1964,A,USA,English,Mono,Black and White,1.85 : 1,"$2,000,000","$599,146",32,72,402
Up,8.2,Animation,Adventure,Comedy,96,30 July 2009,A,USA,English,SDDS|Dolby Digital|DTS|Sonics-DDP|Dolby Atmos,Color,1.85 : 1,"$175,000,000","$735,099,102",72,134,729
Indiana Jones y la última cruzada,8.2,Action,Adventure,#N/A,127,1 September 1989,A,USA,English,70 mm 6-Track|Dolby|Dolby Atmos,Color,2.39 : 1,"$48,000,000","$474,171,806",26,86,424
Heat,8.2,Crime,Drama,Thriller,170,9 February 1996,13,USA,English,Dolby Digital|SDDS|Dolby Atmos,Color,2.35 : 1,"$60,000,000","$187,436,818",73,133,776
L.A. Confidential,8.2,Crime,Drama,Mystery,138,7 November 1997,18,USA,English,Dolby Digital|DTS|SDDS,Color,2.39 : 1,"$35,000,000","$126,216,940",37,53,554
Green Book,8.2,Biography,Comedy,Drama,130,1 February 2019,12,USA,English,Dolby Digital|Dolby Surround 7.1|SDDS|DTS,Color,2.00 : 1,"$23,000,000","$321,752,656",63,176,1342
Jungla de cristal,8.2,Action,Thriller,#N/A,132,30 September 1988,12,USA,English,70 mm 6-Track|Dolby Stereo,Color,2.39 : 1,"$28,000,000","$141,603,197",23,81,794
Batman Begins,8.2,Action,Adventure,#N/A,140,17 June 2005,12,USA,English,DTS|Dolby Digital|SDDS|Sonics-DDP,Color,2.39 : 1,"$150,000,000","$373,661,946",229,376,2292
Yojimbo,8.2,Action,Drama,Thriller,110,25 April 1961,13,Japan,Japanese,Perspecta Stereo,Black and White,2.35 : 1,#N/A,"$46,808",9,24,166
Los caballeros de la mesa cuadrada y sus locos seguidores,8.2,Adventure,Comedy,Fantasy,91,25 May 1975,A,UK,English,Dolby Digital|Mono,Color,1.66 : 1,"GBP229,575","$1,940,906",52,66,561
Rashomon,8.2,Crime,Drama,Mystery,88,26 August 1950,13,Japan,Japanese,Mono,Black and White,1.37 : 1,"$250,000","$46,808",19,56,245
El hundimiento,8.2,Biography,Drama,History,156,18 February 2005,18,Germany,German,Dolby Digital|DTS,Color,1.85 : 1,"EUR13,500,000","$92,181,574",34,45,539
Children of Heaven,8.3,Drama,Family,Sport,89,8 October 1999,13,Iran,Persian,Mono,Color,1.85 : 1,"$180,000","$933,933",2,23,152
Ran,8.2,Action,Drama,War,162,17 January 1986,13,Japan,Japanese,Dolby|70 mm 6-Track,Color,1.85 : 1,"$11,500,000","$4,164,283",20,25,229
Sin perdón,8.2,Drama,Western,#N/A,130,25 September 1992,18,USA,English,Dolby Digital,Color,2.39 : 1,"$14,400,000","$159,157,447",44,81,422
Con faldas y a lo loco,8.2,Comedy,Music,Romance,121,19 March 1959,A,USA,English,Mono,Black and White,1.85 : 1,"$2,883,848","$195,088",19,49,312
El castillo ambulante,8.2,Animation,Adventure,Family,119,3 March 2006,7,Japan,Japanese,Dolby Digital EX|DTS-ES|SDDS,Color,1.85 : 1,"$24,000,000","$236,214,446",44,74,352
Eva al desnudo,8.2,Drama,#N/A,#N/A,138,27 October 1950,13,USA,English,Mono,Black and White,1.37 : 1,"$1,400,000","$151,052",18,35,277
Casino,8.2,Crime,Drama,#N/A,178,19 February 1996,18,USA,English,DTS-Stereo|DTS|DTS,Color,2.39 : 1,"$52,000,000","$116,112,375",42,102,434
Una mente maravillosa,8.2,Biography,Drama,#N/A,135,22 February 2002,A,USA,English,DTS|Dolby Digital|SDDS,Color,1.85 : 1,"$58,000,000","$316,791,257",111,201,752
El lobo de Wall Street,8.2,Biography,Crime,Drama,180,17 January 2014,16,USA,English,Datasat|Dolby Digital|Dolby Surround 7.1,Color,2.39 : 1,"$100,000,000","$392,000,694",323,299,899
La gran evasión,8.2,Adventure,Drama,History,172,12 November 1963,18,USA,English,4-Track Stereo|Mono,Color,2.35 : 1,"$4,000,000","$227,940",12,50,265
El laberinto del fauno,8.2,Drama,Fantasy,War,118,11 October 2006,18,Mexico,Spanish,DTS|Dolby Digital|SDDS|Dolby Surround 7.1,Color,1.85 : 1,"$19,000,000","$83,850,267",176,204,891
Pozos de ambición,8.2,Drama,#N/A,#N/A,158,15 February 2008,13,USA,English,SDDS|Dolby Digital|DTS,Color,2.39 : 1,"$25,000,000","$76,182,388",339,244,777
El secreto de sus ojos,8.2,Drama,Mystery,Romance,129,25 September 2009,7,Argentina,Spanish,Dolby Digital,Color,2.35 : 1,"$2,000,000","$35,079,650",17,42,251
¿Vencedores o vencidos?,8.2,Drama,War,#N/A,179,18 December 1961,18,USA,English,Mono,Black and White,1.85 : 1,"$3,000,000","$12,180",6,27,175
Lock & Stock,8.2,Action,Comedy,Crime,107,9 April 1999,18,UK,English,Dolby Digital,Color,1.85 : 1,"GBP960,000","$3,753,929",43,80,380
El padre,8.3,Drama,#N/A,#N/A,97,23 December 2020,7,UK,English,Dolby Digital,Color,2.39 : 1,#N/A,"$2,041,134",20,25,271
Toro salvaje,8.2,Biography,Drama,Sport,129,15 March 1981,13,USA,English,Dolby Stereo,Black and White,1.85 : 1,"$18,000,000","$23,402,427",51,75,426
Mi vecino Totoro,8.2,Animation,Family,Fantasy,86,16 April 1988,A,Japan,Japanese,Dolby Stereo,Color,1.66 : 1,"$3,700,000","$30,550,727",22,64,388
El tesoro de Sierra Madre,8.2,Adventure,Drama,Western,126,24 January 1948,#N/A,USA,English,Mono,Black and White,1.37 : 1,"$3,000,000","$5,014,000",12,35,218
Crimen perfecto,8.2,Crime,Thriller,#N/A,105,29 May 1954,A,USA,English,Mono,Color,1.66 : 1,"$1,400,000","$18,816",12,69,256
Shutter Island,8.2,Mystery,Thriller,#N/A,138,19 February 2010,13,USA,English,SDDS|Dolby Digital|DTS,Color,2.39 : 1,"$80,000,000","$294,805,697",196,277,890
Tres anuncios en las afueras,8.1,Comedy,Crime,Drama,115,12 January 2018,16,UK,English,Dolby Digital,Color,2.35 : 1,"$15,000,000","$160,192,267",282,271,693
La quimera del oro,8.2,Adventure,Comedy,Drama,95,13 July 1925,A,USA,None,Mono|Silent,Black and White,1.33 : 1,"$923,000","$26,916",3,41,145
Chinatown,8.1,Drama,Mystery,Thriller,130,16 December 1974,A,USA,English,Mono,Color,2.35 : 1,"$6,000,000","$29,225,935",28,59,416
Mi padre y mi hijo,8.3,Drama,Family,#N/A,112,18 November 2005,#N/A,Turkey,Turkish,Dolby Digital,Color,1.85 : 1,#N/A,"$18,612,999",5,16,106
No es país para viejos,8.1,Crime,Drama,Thriller,122,8 February 2008,18,USA,English,SDDS|Dolby Digital|DTS,Color,2.39 : 1,"$25,000,000","$171,627,166",508,361,1006
V de Vendetta,8.2,Action,Drama,Sci-Fi,132,7 April 2006,12,USA,English,DTS|Dolby Digital|SDDS|Sonics-DDP|Dolby Atmos,Color,2.35 : 1,"$54,000,000","$132,511,035",366,335,1538
Del revés ,8.1,Animation,Adventure,Comedy,95,17 July 2015,A,USA,English,Dolby Digital|Datasat|Dolby Atmos|SDDS|Dolby Surround 7.1|Auro 11.1,Color,1.85 : 1,"$175,000,000","$858,071,350",125,158,797
La cosa,8.1,Horror,Mystery,Sci-Fi,109,25 June 1982,13,USA,English,Dolby Stereo|70 mm 6-Track,Color,2.39 : 1,"$15,000,000","$19,632,053",45,103,866
El hombre elefante,8.1,Biography,Drama,#N/A,124,10 October 1980,14,USA,English,Mono|Dolby Stereo,Black and White,2.35 : 1,"$5,000,000","$26,023,706",7,41,342
El séptimo sello,8.2,Drama,Fantasy,History,96,17 July 1991,13,Sweden,Swedish,Mono,Black and White,1.37 : 1,"$150,000","$230,571",28,60,240
El sexto sentido,8.1,Drama,Mystery,Thriller,107,14 January 2000,13,USA,English,DTS|Dolby Digital|SDDS,Color,1.85 : 1,"$40,000,000","$672,806,292",166,237,1320
Warrior,8.2,Action,Drama,Sport,140,9 September 2011,12,USA,English,Dolby Digital|Datasat|SDDS|Dolby Surround 7.1|Dolby Atmos,Color,2.35 : 1,"$25,000,000","$23,308,615",67,109,500
Jurassic Park ,8.1,Action,Adventure,Sci-Fi,127,30 September 1993,13,USA,English,DTS|Dolby Digital|SDDS|Datasat|DTS,Color,1.37 : 1,"$63,000,000","$1,033,928,303",57,120,906
Klaus,8.2,Animation,Adventure,Comedy,96,15 November 2019,A/i,Spain,English,Dolby Atmos,Color,1.85 : 1,"$40,000,000",#N/A,13,53,663
Trainspotting,8.1,Drama,#N/A,#N/A,93,23 September 1996,18,UK,English,Dolby SR,Color,1.85 : 1,"GBP1,500,000","$16,596,594",39,55,446
El show de Truman,8.1,Comedy,Drama,#N/A,103,30 October 1998,A,USA,English,DTS|Dolby Digital,Color,1.85 : 1,"$60,000,000","$264,118,201",47,142,888
Lo que el viento se llevó,8.1,Drama,History,Romance,238,17 January 1940,A,USA,English,Mono,Color,1.37 : 1,"$3,977,000","$402,352,579",85,105,580
Buscando a Nemo,8.1,Animation,Adventure,Comedy,100,28 November 2003,A,USA,English,DTS|Dolby Digital|SDDS|Dolby Atmos|Dolby Surround 7.1,Color,1.85 : 1,"$94,000,000","$940,352,645",48,122,651
Stalker,8.2,Drama,Sci-Fi,#N/A,162,5 November 1984,A,Soviet Union,Russian,Mono,Color,1.37 : 1,"RUR6,000,000","$303,815",78,60,262
Memories of Murder ,8.1,Crime,Drama,Mystery,131,21 May 2004,18,South Korea,Korean,Dolby Digital,Color,1.85 : 1,"$2,800,000","$1,159,644",21,39,229
Fresas salvajes,8.2,Drama,Romance,#N/A,91,7 February 1963,7,Sweden,Swedish,Mono,Black and White,1.37 : 1,#N/A,"$14,524",6,36,141
Kill Bill: Volumen 1,8.1,Action,Crime,Drama,111,5 March 2004,18,USA,English,DTS|Dolby Digital|SDDS,Color,2.39 : 1,"$30,000,000","$180,906,076",397,296,1233
Blade Runner,8.1,Action,Sci-Fi,Thriller,117,21 August 1982,13,USA,English,70 mm 6-Track|Dolby Stereo|12-Track Digital Sound,Color,2.39 : 1,"$28,000,000","$41,676,878",170,220,1064
Fargo,8.1,Crime,Drama,Thriller,98,20 June 1996,18,USA,English,Dolby SR,Color,1.85 : 1,"$7,000,000","$60,611,975",129,144,599
El puente sobre el río Kwai,8.1,Adventure,Drama,War,161,11 October 1957,A,UK,English,70 mm 6-Track|Mono|4-Track Stereo|Dolby Atmos,Color,2.35 : 1,"$3,000,000","$27,200,000",17,44,245
Relatos salvajes,8.1,Comedy,Drama,Thriller,122,17 October 2014,16,Argentina,Spanish,Dolby Surround 7.1,Color,2.35 : 1,"$3,300,000","$30,642,704",11,33,207
Cuentos de Tokio,8.2,Drama,#N/A,#N/A,136,3 November 1953,A,Japan,Japanese,Mono,Black and White,1.37 : 1,#N/A,"$40,468",8,29,130
Gran Torino,8.1,Drama,#N/A,#N/A,116,6 March 2009,12,Germany,English,DTS|Dolby Digital|SDDS,Color,2.39 : 1,"$33,000,000","$269,958,228",131,181,675
La habitación,8.1,Drama,Thriller,#N/A,118,26 February 2016,12,Canada,English,Dolby Digital|Datasat|Dolby Atmos,Color,2.35 : 1,"$13,000,000","$35,401,758",64,119,538
El tercer hombre,8.1,Film-Noir,Mystery,Thriller,104,12 October 1949,A,UK,English,Mono,Black and White,1.37 : 1,#N/A,"$1,226,797",28,73,345
La ley del silencio,8.1,Crime,Drama,Thriller,108,22 June 1954,7,USA,English,Mono,Black and White,1.33 : 1,"$910,000",#N/A,12,40,261
El cazador,8.1,Drama,War,#N/A,183,19 March 1979,18,USA,English,70 mm 6-Track|Dolby Stereo,Color,2.39 : 1,"$15,000,000","$49,074,243",122,211,576
En el nombre del padre,8.1,Biography,Crime,Drama,133,18 February 1994,13,Ireland,English,Dolby Stereo|DTS,Color,1.85 : 1,"$13,000,000","$65,796,862",7,23,143
Antes de amanecer,8.1,Drama,Romance,#N/A,101,23 June 1995,T,USA,English,Dolby SR,Color,1.85 : 1,"$2,500,000","$5,987,386",46,55,380
Mary and Max,8.1,Animation,Comedy,Drama,92,9 April 2009,#N/A,Australia,English,Dolby Digital,Color,1.85 : 1,"AUD8,240,000","$1,740,429",12,32,193
El gran hotel Budapest,8.1,Adventure,Comedy,Crime,99,21 March 2014,12,Germany,English,SDDS|Datasat|Dolby Digital|Dolby Surround 7.1,Color,1.37 : 1,"$25,000,000","$172,945,750",101,154,661
Atrápame si puedes,8.1,Biography,Crime,Drama,141,24 January 2003,7,USA,English,DTS|Dolby Digital|SDDS,Color,1.85 : 1,"$52,000,000","$352,114,312",38,150,536
Perdida,8.1,Drama,Mystery,Thriller,149,10 October 2014,16,USA,English,Dolby Digital|Dolby Atmos|Datasat|Dolby Surround 7.1,Color,2.39 : 1,"$61,000,000","$369,330,363",364,342,835
Hasta el último hombre,8.1,Biography,Drama,History,139,7 December 2016,16,Australia,English,Dolby Atmos|DTS,Color,2.35 : 1,"$40,000,000","$180,450,918",101,162,685
Prisioneros,8.1,Crime,Drama,Mystery,153,11 October 2013,16,USA,English,SDDS|Datasat|Dolby Digital|Dolby Surround 7.1|Dolby Atmos,Color,1.85 : 1,"$46,000,000","$122,126,687",130,217,634
Persona,8.1,Drama,Thriller,#N/A,85,18 October 1966,12,Sweden,Swedish,AGA Sound System,Black and White,1.37 : 1,#N/A,"$84,391",25,35,163
El moderno Sherlock Holmes,8.2,Action,Comedy,Romance,45,11 May 1924,A,USA,None,Silent|DTS,Black and White,1.33 : 1,#N/A,#N/A,4,73,235
Andhadhun,8.2,Crime,Drama,Music,139,5 October 2018,#N/A,India,Hindi,Dolby Digital|Dolby Atmos,Color,2.35 : 1,"$4,500,000","$62,475,342",35,78,755
El gran Lebowski,8.1,Comedy,Crime,Sport,117,24 April 1998,12,USA,English,DTS|Dolby Digital|SDDS|DTS,Color,1.85 : 1,"$15,000,000","$46,748,672",148,146,839
Barry Lyndon,8.1,Adventure,Drama,History,185,15 November 1976,18,UK,English,Mono|Dolby Digital,Color,1.66 : 1,"$11,000,000","$198,992",32,65,322
Ser o no ser,8.2,Comedy,War,#N/A,99,6 March 1942,A,USA,English,Mono,Black and White,1.37 : 1,#N/A,"$4,578,000",6,19,113
El maquinista de La General,8.1,Action,Adventure,Comedy,67,2 January 1927,A,USA,None,Silent,Black and White,1.33 : 1,"$750,000",#N/A,5,53,203
Le Mans '66,8.1,Action,Biography,Drama,152,15 November 2019,7,USA,English,Dolby Atmos|Dolby Digital,Color,2.39 : 1,"$97,600,000","$225,508,210",55,222,1169
Cómo entrenar a tu dragón,8.1,Animation,Action,Adventure,98,26 March 2010,7/i,USA,English,Dolby Digital|DTS|SDDS,Color,2.35 : 1,"$165,000,000","$494,879,471",23,91,519
12 años de esclavitud,8.1,Biography,Drama,History,134,13 December 2013,16,USA,English,DTS|Dolby Digital|SDDS|Dolby Surround 7.1|DTS,Color,2.35 : 1,"$20,000,000","$187,733,202",102,143,636
Eskiya,8.2,Crime,Drama,Thriller,128,29 November 1996,#N/A,Turkey,Turkish,Mono|Dolby Digital,Color,1.78 : 1,"TRL1,200,000",#N/A,13,14,35
Sonata de otoño,8.2,Drama,Music,#N/A,99,5 March 1979,16,West Germany,Swedish,Mono,Color,1.66 : 1,#N/A,"$14,338",2,15,65
Caballero sin espada,8.1,Comedy,Drama,#N/A,129,19 October 1939,A,USA,English,Mono,Black and White,1.37 : 1,"$1,900,000","$144,738",12,27,223
Mad Max: Furia en la carretera,8.1,Action,Adventure,Sci-Fi,120,15 May 2015,16,Australia,English,Dolby Digital|Datasat|SDDS|Dolby Atmos,Color,2.39 : 1,"$150,000,000","$376,127,771",563,348,1181
El club de los poetas muertos,8.1,Comedy,Drama,#N/A,128,22 November 1989,13,USA,English,70 mm 6-Track|Dolby Stereo,Color,1.85 : 1,"$16,400,000","$235,860,116",43,90,449
Million Dollar Baby,8.1,Drama,Sport,#N/A,132,4 February 2005,13,USA,English,DTS|Dolby Digital|SDDS,Color,2.39 : 1,"$30,000,000","$216,763,646",136,184,714
Harry Potter y las Reliquias de la Muerte - Parte 2,8.1,Adventure,Drama,Fantasy,130,15 July 2011,7,UK,English,Dolby Digital|Datasat|Dolby Surround 7.1|SDDS|Sonics-DDP|DTS,Color,2.39 : 1,"$125,000,000","$1,342,274,154",71,156,587
Cuenta conmigo,8.1,Adventure,Drama,#N/A,89,3 August 1987,A,USA,English,Dolby Atmos|Dolby Digital|Mono,Color,1.85 : 1,"$8,000,000","$52,287,414",12,65,527
Ben-Hur,8.1,Adventure,Drama,History,212,18 November 1959,A,USA,English,6-Track Stereo,Color,2.66 : 1,"$15,000,000","$74,427,638",24,37,348
"Network, un mundo implacable",8.1,Drama,#N/A,#N/A,121,16 May 1977,18,USA,English,Mono,Color,1.85 : 1,"$3,800,000","$23,690,757",14,64,284
Anand,8.3,Drama,Musical,#N/A,122,12 March 1971,#N/A,India,Hindi,Mono|DTS,Color,1.33 : 1,"INR3,000,000",#N/A,2,11,115
Siempre a tu lado ,8.1,Biography,Drama,Family,93,6 November 2009,A,UK,English,DTS|Dolby Digital|SDDS,Color,1.85 : 1,"$16,000,000","$46,749,646",36,57,411
La doncella,8.1,Drama,Romance,Thriller,145,2 December 2016,16,South Korea,Korean,Dolby Digital|Dolby Atmos|Dolby Surround 7.1,Color,2.35 : 1,"KRW10,000,000,000","$37,767,206",22,46,194
La leyenda del indomable,8.1,Crime,Drama,#N/A,127,1 November 1967,7,USA,English,Mono,Color,2.35 : 1,"$3,200,000",#N/A,17,45,249
Logan,8.1,Action,Drama,Sci-Fi,137,3 March 2017,16,USA,English,DTS|Dolby Atmos|Dolby Digital|Dolby Surround 7.1|SDDS,Color,2.39 : 1,"$97,000,000","$619,179,950",235,249,1120
Platoon,8.1,Drama,War,#N/A,120,26 March 1987,18,USA,English,Dolby Stereo,Color,1.85 : 1,"$6,000,000","$138,545,632",39,84,411
El salario del miedo,8.1,Adventure,Drama,Thriller,131,22 April 1953,#N/A,France,French,Mono,Black and White,1.37 : 1,#N/A,"$1,098",7,27,118
Rush,8.1,Action,Biography,Drama,123,20 September 2013,12,UK,English,Dolby Digital|Datasat|SDDS,Color,2.35 : 1,"$38,000,000","$96,983,009",17,96,471
Hacia rutas salvajes,8.1,Adventure,Biography,Drama,148,25 January 2008,7,USA,English,DTS|Dolby Digital|SDDS,Color,2.35 : 1,"$15,000,000","$56,675,895",182,155,652
El odio,8.1,Crime,Drama,#N/A,98,30 January 1996,18,France,French,Dolby Digital,Black and White,1.85 : 1,"EUR2,590,000","$302,606",6,29,176
Los cuatrocientos golpes,8.1,Crime,Drama,#N/A,99,3 June 1959,A,France,French,Mono,Black and White,2.35 : 1,#N/A,"$127,244",9,37,157
La vida de Brian,8.1,Comedy,#N/A,#N/A,94,29 October 1980,13,UK,English,Dolby Stereo,Color,1.85 : 1,"$4,000,000","$20,741,744",21,53,283
La pasión de Juana de Arco,8.1,Biography,Drama,History,110,25 October 1928,13,France,None,Silent,Black and White,1.33 : 1,#N/A,"$21,877",11,20,156
Spotlight,8.1,Biography,Crime,Drama,129,29 January 2016,12,USA,English,Dolby Digital,Color,1.85 : 1,"$20,000,000","$98,690,254",25,107,500
Hotel Rwanda,8.1,Biography,Drama,History,121,25 February 2005,13,UK,English,DTS|Dolby Digital,Color,2.35 : 1,"$17,500,000","$33,882,243",19,80,507
Gangs of Wasseypur,8.2,Action,Comedy,Crime,321,22 June 2012,16,India,Hindi,Dolby Digital EX|Datasat,Color,2.35 : 1,"INR184,000,000","$4,384,642",19,31,207
Amores perros,8.1,Drama,Thriller,#N/A,154,16 March 2001,18,Mexico,Spanish,Dolby Digital,Color,1.85 : 1,"$2,000,000","$20,908,467",29,63,252
Andrei Rublev,8.1,Biography,Drama,History,165,7 June 1978,#N/A,Soviet Union,Russian,Mono,Black and White,2.35 : 1,"RUR1,000,000","$145,491",14,20,124
"Monstruos, S.A.",8.1,Animation,Adventure,Comedy,92,8 February 2002,A,USA,English,SDDS|Dolby Digital|DTS|Dolby Atmos,Color,1.85 : 1,"$115,000,000","$579,707,738",18,94,468
Rocky,8.1,Drama,Sport,#N/A,120,23 May 1977,18,USA,English,Mono,Color,1.33 : 1,"$960,000","$117,250,382",20,49,589
La Liga de la Justicia de Zack Snyder,8.2,Action,Adventure,Fantasy,242,18 March 2021,16,USA,English,Dolby Digital|Dolby Atmos,Color,1.33 : 1,#N/A,#N/A,482,594,6113
Soul,8.1,Animation,Adventure,Comedy,100,25 December 2020,A,USA,English,Dolby Atmos,Color,2.39 : 1,#N/A,"$117,380,939",171,295,1140
Nausicaä del Valle del Viento,8.1,Animation,Adventure,Fantasy,117,7 June 1988,7,Japan,Japanese,Dolby Stereo,Color,1.85 : 1,"$1,000,000","$8,736,506",7,46,179
Ratsasan,8.5,Action,Crime,Thriller,170,5 October 2018,#N/A,India,Tamil,Dolby Atmos,Color,#N/A,#N/A,#N/A,15,36,426
Rebeca,8.1,Drama,Mystery,Romance,130,12 April 1940,14,USA,English,Mono,Black and White,1.37 : 1,"$1,288,000","$72,275",16,61,242
Antes del atardecer,8.1,Drama,Romance,#N/A,80,8 October 2004,13,USA,English,DTS|Dolby Digital|SDDS,Color,1.85 : 1,"$2,700,000","$15,936,507",67,68,368
Deseando amar,8.1,Drama,Romance,#N/A,98,16 February 2001,13,Hong Kong,Cantonese,Dolby Digital,Color,1.66 : 1,#N/A,"$13,719,237",36,73,275
El tiempo de los gitanos,8.2,Comedy,Crime,Drama,142,September 1990,13,Yugoslavia,Macedonian,Mono|Dolby Stereo,Color,1.85 : 1,#N/A,#N/A,4,45,226
Rang De Basanti,8.2,Comedy,Crime,Drama,167,26 January 2006,#N/A,India,Hindi,DTS|Dolby Digital EX,Color,2.35 : 1,#N/A,"$10,800,778",35,47,293
Rififi,8.1,Crime,Drama,Thriller,118,13 April 1955,#N/A,France,French,Mono,Black and White,1.37 : 1,#N/A,"$521,342",3,24,93
"París, Texas",8.1,Drama,#N/A,#N/A,145,18 January 1989,A,West Germany,English,Mono,Color,1.66 : 1,"GBP1,162,000","$2,206,121",29,35,172
Drishyam,8.3,Crime,Drama,Thriller,160,19 December 2013,#N/A,India,Malayalam,#N/A,Color,#N/A,"INR35,000,000","$13,076,265",4,10,107
Retrato de una mujer en llamas,8.1,Drama,Romance,#N/A,122,18 October 2019,7/fig,France,French,Dolby Digital,Color,1.85 : 1,#N/A,"$10,043,341",41,67,281
Sucedió una noche,8.1,Comedy,Romance,#N/A,105,22 February 1934,A,USA,English,Mono,Black and White,1.37 : 1,"$325,000",#N/A,11,39,224
Milagro en la celda 7,8.2,Drama,#N/A,#N/A,132,13 March 2020,12,Turkey,Turkish,Stereo,Color,2.35 : 1,#N/A,"$17,163,660",15,19,341
Mandarinas,8.2,Drama,War,#N/A,87,17 October 2013,12,Estonia,Estonian,Dolby Digital,Color,2.35 : 1,"EUR650,000","$1,024,132",6,11,81
Neon Genesis Evangelion: The End of Evangelion,8.1,Animation,Action,Drama,87,21 June 2019,18,Japan,Japanese,Dolby Digital|DTS-ES|Dolby Digital EX,Color,1.85 : 1,#N/A,#N/A,23,20,128
La batalla de Argel,8.1,Drama,War,#N/A,121,1 June 1978,18,Italy,Arabic,Mono,Black and White,1.85 : 1,"$800,000","$964,028",8,53,211
